customer_id,customer_fname,customer_lname,city,country
1,Ruby,Patel,Stockholm,Sweden
2,Summer,Hayward,Southport,United Kingdom
3,Devin,Huddleston,Valence,France
4,Mary,Parker,Birmingham,United Kingdom
5,Daniel,Burke,Echirolles,France
6,Frederick,Beveridge,La Seyne-sur-Mer,France
7,Archer,Hort,Toulouse,France
8,Evie,Flockhart,Genoa,Italy
9,Faith,Greenwood,Vienna,Austria
10,Gracie,Powell,Woking,United Kingdom
11,Hershel,Snyder,Lohne,Germany
12,Julia,Martell,Leicester,United Kingdom
13,Viola,Watson,Sheffield,United Kingdom
14,Julian,Dobie,Dordrecht,Netherlands
15,Rose,Heap,Gothenburg,Sweden
16,Ella,Troy,Vienna,Austria
17,Everett,Dunbar,Langen,Germany
18,Georgia,Bermingham,Copenhagen,Denmark
19,Christopher,Gold,Gandia,Spain
20,John,Baca,Esbjerg,Denmark
21,Kai,Leonard,Sesto San Giovanni,Italy
22,Jennifer,Mattingly,Trapani,Italy
23,Nathan,Iqbal,Villiers-sur-Marne,France
24,Noah,Chamberlain,Bielefeld,Germany
25,Dylan,Disney,Leuven,Belgium
26,Melissa,Bean,Prato,Italy
27,Vaughn,Gibbs,Gela,Italy
28,William,Hortom,Bologna,Italy
29,David,Harney,Menden,Germany
30,Walter,Coley,Maisons-Alfort,France
31,Lori,Miller,Madrid,Spain
32,Hayley,Baldwinson,Oslo,Norway
33,Joseph,Locke,Lisbon,Portugal
34,Grace,Hicks,Draguignan,France
35,Hollie,Norris,Halle,Germany
36,Kiara,Allen,Parma,Italy
37,Ronald,Everson,Dresden,Germany
38,Daryl,Claypool,Seville,Spain
39,Caleb,Kenyon,Torrevieja,Spain
40,Winnie,Moss,Barcelona,Spain
41,Coutney,Hancock,London,United Kingdom
42,Brandon,Preston,Reims,France
43,Lara,Stoate,Rosenheim,Germany
44,Max,Ludwig,Uppsala,Sweden
45,Summer,Stewart,Nice,France
46,Millie,Newman,Boulogne-sur-Mer,France
47,Larry,Klaus,La Crau,France
48,Shelby,Dunston,Siena,Italy
49,Erin,Gill,Barcelona,Spain
50,Patricia,Lukes,Almelo,Netherlands
51,Lilian,Macredie,Basel,Switzerland
52,Jasmine,Slater,Coslada,Spain
53,Charlotte,Taylor,Marseille,France
54,Victoria,Bell,Hanover,Germany
55,Kayleigh,Farmer,Elda,Spain
56,Tyson,Ebden,Hardenberg,Netherlands
57,Sophie,Franklin,Seville,Spain
58,Maya,Sullivan,Muret,France
59,Ronald,Everson,Beaune,France
60,Julian,Mack,Paris,France
61,Tegan,Sage,Castrop-Rauxel,Germany
62,Eva,Hargraves,Milan,Italy
63,Jonathan,Summons,Zurich,Switzerland
64,Darcy,Farnell,Grosseto,Italy
65,Katherine,Grant,Paris,France
66,Jared,Wurster,Dublin,Ireland
67,Kayla,Ronald,Rome,Italy
68,Angus,Reading,Namur,Belgium
69,Jodie,Mellor,Zaanstad,Netherlands
70,Maya,Summers,Bochum,Germany
71,Oscar,Clayton,Colmar,France
72,Carl,Proctor,Rome,Italy
73,Spencer,Akhtar,Berlin,Germany
74,Lincoln,Want,Rimini,Italy
75,Niamh,Mann,Paris,France
76,Nicole,Nash,Baden-Baden,Germany
77,Joshua,Romero,Madrid,Spain
78,John,Kemp,Pforzheim,Germany
79,Ryan,Green,Sheffield,United Kingdom
80,Naomi,Hancock,Coventry,United Kingdom
81,Thomas,Stephens,Berlin,Germany
82,Ashton,Charles,Pessac,France
83,Shannon,Howe,Helsinki,Finland
84,Joseph,Ford,Basel,Switzerland
85,Alexander,Bennett,Berlin,Germany
86,Koby,Phillip,Bonn,Germany
87,Thomas,McCallum,Leipzig,Germany
88,Donna,Nash,Tourcoing,France
89,Wanda,Wingert,London,United Kingdom
90,Scarlett,Truchanas,Bari,Italy
91,Jessica,Paramor,Magdeburg,Germany
92,Charlie,Brooks,Marseille,France
93,Sam,Wood,Noisy-le-Sec,France
94,Gabriel,Sanders,Stavanger,Norway
95,Charles,Builder,Cagliari,Italy
96,Aaron,Bootman,Marsala,Italy
97,Kayla,Tearle,Basel,Switzerland
98,Kayla,Ronald,Emmen,Netherlands
99,Mary,Wilson,Augsburg,Germany
100,Paige,Tyler,Stralsund,Germany
101,Lily,Wells,Carcassonne,France
